{
  "기술_문서_유사성": {
    "dragonkue/snowflake-arctic-embed-l-v2.0-ko": {
      "similarities": [
        0.53884357213974,
        0.5347588062286377,
        0.44111138582229614
      ],
      "expected_similarities": [
        0.8,
        0.75,
        0.85
      ],
      "errors": [
        0.26115642786026005,
        0.2152411937713623,
        0.40888861417770384
      ],
      "processing_times": [
        3.276118755340576,
        0.18822479248046875,
        0.19470643997192383
      ],
      "avg_error": 0.29509541193644206,
      "pearson_correlation": -0.8469625780537182,
      "spearman_correlation": -0.5,
      "avg_processing_time": 1.219683329264323
    },
    "nlpai-lab/KURE-v1": {
      "similarities": [
        0.5720396041870117,
        0.6395049095153809,
        0.5565944314002991
      ],
      "expected_similarities": [
        0.8,
        0.75,
        0.85
      ],
      "errors": [
        0.22796039581298833,
        0.11049509048461914,
        0.2934055685997009
      ],
      "processing_times": [
        3.038611650466919,
        0.19731831550598145,
        0.19411659240722656
      ],
      "avg_error": 0.21062035163243611,
      "pearson_correlation": -0.9402131071880703,
      "spearman_correlation": -1.0,
      "avg_processing_time": 1.1433488527933757
    }
  },
  "비즈니스_문맥_이해": {
    "dragonkue/snowflake-arctic-embed-l-v2.0-ko": {
      "similarities": [
        0.7361424565315247,
        0.7691928744316101,
        0.7378383874893188
      ],
      "expected_similarities": [
        0.8,
        0.75,
        0.82
      ],
      "errors": [
        0.06385754346847539,
        0.019192874431610107,
        0.0821616125106811
      ],
      "processing_times": [
        0.18906188011169434,
        0.18904829025268555,
        0.18401193618774414
      ],
      "avg_error": 0.05507067680358887,
      "pearson_correlation": -0.9471346917225006,
      "spearman_correlation": -0.5,
      "avg_processing_time": 0.18737403551737467
    },
    "nlpai-lab/KURE-v1": {
      "similarities": [
        0.8228827118873596,
        0.8433089256286621,
        0.8363195657730103
      ],
      "expected_similarities": [
        0.8,
        0.75,
        0.82
      ],
      "errors": [
        0.022882711887359575,
        0.09330892562866211,
        0.016319565773010303
      ],
      "processing_times": [
        0.19889044761657715,
        0.18864893913269043,
        0.1798686981201172
      ],
      "avg_error": 0.04417040109634399,
      "pearson_correlation": -0.552950641759664,
      "spearman_correlation": -0.5,
      "avg_processing_time": 0.18913602828979492
    }
  },
  "학술_논문_스타일": {
    "dragonkue/snowflake-arctic-embed-l-v2.0-ko": {
      "similarities": [
        0.6825390458106995,
        0.8337516188621521
      ],
      "expected_similarities": [
        0.85,
        0.8
      ],
      "errors": [
        0.16746095418930051,
        0.033751618862152055
      ],
      "processing_times": [
        0.20633220672607422,
        0.2110576629638672
      ],
      "avg_error": 0.10060628652572629,
      "pearson_correlation": -1.0,
      "spearman_correlation": -0.9999999999999999,
      "avg_processing_time": 0.2086949348449707
    },
    "nlpai-lab/KURE-v1": {
      "similarities": [
        0.7305046916007996,
        0.825116753578186
      ],
      "expected_similarities": [
        0.85,
        0.8
      ],
      "errors": [
        0.11949530839920042,
        0.02511675357818599
      ],
      "processing_times": [
        0.20947837829589844,
        0.2076418399810791
      ],
      "avg_error": 0.0723060309886932,
      "pearson_correlation": -1.0,
      "spearman_correlation": -0.9999999999999999,
      "avg_processing_time": 0.20856010913848877
    }
  },
  "일상_대화_vs_전문용어": {
    "dragonkue/snowflake-arctic-embed-l-v2.0-ko": {
      "similarities": [
        0.5996479988098145,
        0.5502560138702393,
        0.7222497463226318
      ],
      "expected_similarities": [
        0.6,
        0.7,
        0.65
      ],
      "errors": [
        0.00035200119018552467,
        0.1497439861297607,
        0.07224974632263181
      ],
      "processing_times": [
        0.15856528282165527,
        0.1497039794921875,
        0.15465736389160156
      ],
      "avg_error": 0.07411524454752601,
      "pearson_correlation": -0.27887545569831607,
      "spearman_correlation": -0.5,
      "avg_processing_time": 0.1543088754018148
    },
    "nlpai-lab/KURE-v1": {
      "similarities": [
        0.7056639194488525,
        0.6159687638282776,
        0.7644846439361572
      ],
      "expected_similarities": [
        0.6,
        0.7,
        0.65
      ],
      "errors": [
        0.10566391944885256,
        0.08403123617172237,
        0.1144846439361572
      ],
      "processing_times": [
        0.14858412742614746,
        0.15361356735229492,
        0.16457080841064453
      ],
      "avg_error": 0.10139326651891072,
      "pearson_correlation": -0.5996395626801603,
      "spearman_correlation": -0.5,
      "avg_processing_time": 0.15558950106302896
    }
  },
  "부정_문장_vs_긍정_문장": {
    "dragonkue/snowflake-arctic-embed-l-v2.0-ko": {
      "similarities": [
        0.8912560939788818,
        0.8186691403388977,
        0.6985920667648315
      ],
      "expected_similarities": [
        0.3,
        0.25,
        0.2
      ],
      "errors": [
        0.5912560939788818,
        0.5686691403388977,
        0.49859206676483153
      ],
      "processing_times": [
        0.15267181396484375,
        0.15057158470153809,
        0.1567375659942627
      ],
      "avg_error": 0.5528391003608704,
      "pearson_correlation": 0.9900248892168426,
      "spearman_correlation": 1.0,
      "avg_processing_time": 0.15332698822021484
    },
    "nlpai-lab/KURE-v1": {
      "similarities": [
        0.7201406359672546,
        0.7846994400024414,
        0.6833063364028931
      ],
      "expected_similarities": [
        0.3,
        0.25,
        0.2
      ],
      "errors": [
        0.42014063596725465,
        0.5346994400024414,
        0.48330633640289306
      ],
      "processing_times": [
        0.14583277702331543,
        0.15210556983947754,
        0.1493237018585205
      ],
      "avg_error": 0.4793821374575297,
      "pearson_correlation": 0.3588380690044803,
      "spearman_correlation": 0.5,
      "avg_processing_time": 0.14908734957377115
    }
  },
  "문맥_의존적_의미": {
    "dragonkue/snowflake-arctic-embed-l-v2.0-ko": {
      "similarities": [
        0.47531723976135254,
        0.6169095635414124,
        0.5137781500816345
      ],
      "expected_similarities": [
        0.1,
        0.15,
        0.1
      ],
      "errors": [
        0.37531723976135256,
        0.46690956354141233,
        0.41377815008163454
      ],
      "processing_times": [
        0.14489960670471191,
        0.13689279556274414,
        0.17190289497375488
      ],
      "avg_error": 0.4186683177947998,
      "pearson_correlation": 0.9648904046581426,
      "spearman_correlation": 0.8660254037844387,
      "avg_processing_time": 0.1512317657470703
    },
    "nlpai-lab/KURE-v1": {
      "similarities": [
        0.5318037271499634,
        0.5678229928016663,
        0.6274157762527466
      ],
      "expected_similarities": [
        0.1,
        0.15,
        0.1
      ],
      "errors": [
        0.4318037271499634,
        0.41782299280166624,
        0.5274157762527466
      ],
      "processing_times": [
        0.130964994430542,
        0.13293790817260742,
        0.12830471992492676
      ],
      "avg_error": 0.45901416540145873,
      "pearson_correlation": -0.1409272860371769,
      "spearman_correlation": 0.0,
      "avg_processing_time": 0.1307358741760254
    }
  }
}